entry_date,exit_date,type,entry_price,exit_price,pnl,return_pct,exit_reason,bars_held
2026-03-11 18:15:00,2026-03-11 19:45:00,LONG,24930.9,25003.13700944487,1000.0,1.0,TARGET,6
2026-03-12 16:00:00,2026-03-12 16:15:00,SHORT,24802.35,24763.424929430967,1010.0,1.0,TARGET,1
2026-03-12 16:15:00,2026-03-12 16:30:00,SHORT,24783.85,24824.208994099816,-1020.1,-1.0,STOP,1
2026-03-12 16:30:00,2026-03-12 16:45:00,SHORT,24755.6,24711.588076907312,1009.899,1.0,TARGET,1
2026-03-12 16:45:00,2026-03-12 17:00:00,SHORT,24667.35,24717.807500014635,-1019.9979899999998,-0.9999999999999999,STOP,1
2026-03-12 17:00:00,2026-03-12 17:15:00,SHORT,24736.85,24684.08589284355,1009.7980100999999,1.0,TARGET,1
2026-03-12 17:15:00,2026-03-12 17:45:00,SHORT,24617.35,24675.666670930987,-1019.8959902010001,-1.0000000000000002,STOP,2
2026-03-12 17:45:00,2026-03-12 18:30:00,SHORT,24622.85,24686.6000887109,-1009.6970302989901,-1.0,STOP,3
2026-03-12 18:30:00,2026-03-12 19:00:00,SHORT,24688.35,24618.886208127602,999.600059996,1.0,TARGET,2
2026-03-12 19:00:00,2026-03-12 19:15:00,SHORT,24655.1,24727.93230013487,-1009.59606059596,-1.0,STOP,1
2026-03-12 19:15:00,2026-03-12 19:30:00,SHORT,24636.6,24711.444278696665,-999.5000999900004,-1.0,STOP,1
2026-03-12 19:30:00,2026-03-12 20:45:00,SHORT,24689.6,24614.048169781665,989.5050989901004,1.0,TARGET,5
2026-03-12 20:45:00,2026-03-12 23:00:00,SHORT,24628.85,24557.25736802884,999.4001499800016,1.0000000000000002,TARGET,8
2026-03-13 20:45:00,2026-03-13 21:30:00,SHORT,24375.8,24445.576653844986,-1009.3941514798015,-1.0,STOP,3
2026-03-13 21:30:00,2026-03-13 22:15:00,SHORT,24456.55,24391.042325620467,999.3002099650034,1.0,TARGET,3
2026-03-13 22:15:00,2026-03-16 01:00:00,SHORT,24381.3,24319.62649030181,1009.2932120646535,1.0,TARGET,7
2026-03-16 11:30:00,2026-03-16 11:45:00,SHORT,24511.7,24544.349349477172,-1019.3861441853,-1.0,STOP,1
2026-03-16 11:45:00,2026-03-16 12:00:00,SHORT,24536.7,24503.257746914056,1009.1922827434472,1.0,TARGET,1
2026-03-16 12:00:00,2026-03-16 12:30:00,SHORT,24532.45,24497.789336420195,1019.2842055708817,1.0,TARGET,2
2026-03-16 12:30:00,2026-03-16 13:00:00,SHORT,24493.45,24527.133174209117,-1029.4770476265903,-1.0,STOP,2
2026-03-16 13:00:00,2026-03-16 13:15:00,SHORT,24536.45,24571.32987980276,-1019.1822771503246,-1.0,STOP,1
2026-03-16 13:15:00,2026-03-16 13:45:00,SHORT,24581.7,24618.374174102562,-1008.9904543788214,-1.0,STOP,2
2026-03-19 08:30:00,2026-03-19 08:45:00,SHORT,24386.55,24418.361815079064,-998.9005498350332,-1.0,STOP,1
2026-03-19 08:45:00,2026-03-19 09:00:00,SHORT,24401.3,24433.732399716275,-988.9115443366828,-1.0,STOP,1
2026-03-19 09:00:00,2026-03-19 09:30:00,SHORT,24422.05,24389.219914549172,979.0224288933159,1.0,TARGET,2
2026-03-19 09:30:00,2026-03-19 10:00:00,SHORT,24409.3,24375.965640606173,988.812653182249,1.0,TARGET,2
2026-03-19 10:00:00,2026-03-19 10:15:00,SHORT,24379.55,24413.981156824266,-998.7007797140716,-1.0,STOP,1
2026-03-19 10:15:00,2026-03-19 10:45:00,SHORT,24396.55,24360.84606866318,988.7137719169309,1.0,TARGET,2
2026-03-19 10:45:00,2026-03-19 11:30:00,SHORT,24363.8,24327.06803879631,998.6009096361001,1.0,TARGET,3
2026-03-19 11:30:00,2026-03-19 11:45:00,SHORT,24314.55,24354.83967520572,-1008.5869187324611,-1.0,STOP,1
2026-03-19 11:45:00,2026-03-19 12:00:00,SHORT,24352.3,24394.390412691027,-998.5010495451365,-1.0,STOP,1
2026-03-19 12:00:00,2026-03-19 12:15:00,SHORT,24377.05,24334.71604535833,988.5160390496851,1.0,TARGET,1
2026-03-19 12:15:00,2026-03-19 12:30:00,SHORT,24323.05,24369.30652931012,-998.4011994401818,-0.9999999999999999,STOP,1
2026-03-20 12:30:00,2026-03-20 12:45:00,SHORT,24281.1,24244.482218143366,988.4171874457802,1.0,TARGET,1
2026-03-20 12:45:00,2026-03-20 13:00:00,SHORT,24238.85,24199.562059704553,998.3013593202379,1.0,TARGET,1
2026-03-20 13:00:00,2026-03-20 13:30:00,SHORT,24162.35,24207.420944560054,-1008.2843729134403,-1.0,STOP,2
2026-03-20 13:30:00,2026-03-20 14:00:00,SHORT,24227.85,24274.1402532176,-998.201529184306,-1.0000000000000002,STOP,2
2026-03-20 14:00:00,2026-03-20 15:00:00,SHORT,24260.85,24307.320932621296,-988.2195138924627,-1.0,STOP,4
2026-03-20 15:00:00,2026-03-20 16:15:00,SHORT,24282.35,24328.16011965319,-978.3373187535382,-1.0,STOP,5
2026-03-20 16:15:00,2026-03-20 16:30:00,SHORT,24292.6,24244.200990739737,968.5539455660028,1.0,TARGET,1
2026-03-20 16:30:00,2026-03-20 16:45:00,SHORT,24260.6,24207.908062829756,978.2394850216629,1.0,TARGET,1
2026-03-20 16:45:00,2026-03-20 19:00:00,SHORT,24097.1,24159.528227372368,-988.0218798718795,-1.0,STOP,9
2026-04-03 15:45:00,2026-04-06 01:00:00,LONG,23959.55,23927.526465685012,-978.1416610731607,-1.0,STOP,2
2026-04-06 17:45:00,2026-04-06 20:00:00,LONG,24156.7,24099.04164990477,-968.3602444624291,-1.0,STOP,9
2026-04-07 02:45:00,2026-04-07 03:15:00,LONG,24157.05,24191.87822431439,958.6766420178049,1.0,TARGET,2
2026-04-07 04:30:00,2026-04-07 04:45:00,LONG,24085.8,24047.456848279882,-968.2634084379829,-1.0,STOP,1
2026-04-07 04:45:00,2026-04-07 05:45:00,LONG,24034.3,24074.97578374011,958.5807743536031,1.0,TARGET,4
2026-04-08 16:45:00,2026-04-08 17:30:00,LONG,24938.7,24889.834032776296,-968.1665820971391,-1.0,STOP,3
2026-04-08 17:30:00,2026-04-08 17:45:00,LONG,24886.2,24837.852776971402,-958.4849162761676,-1.0,STOP,1
2026-04-09 10:30:00,2026-04-09 11:45:00,LONG,24833.25,24856.85428570485,948.900067113406,1.0,TARGET,5
2026-04-10 09:15:00,2026-04-10 11:00:00,LONG,25093.9,25076.026792278884,-958.3890677845401,-1.0,STOP,7
2026-04-10 11:00:00,2026-04-10 12:15:00,LONG,25073.4,25093.09466331404,948.8051771066948,1.0,TARGET,5
2026-04-13 01:00:00,2026-04-13 01:30:00,LONG,24866.25,24806.891251387948,-958.2932288777617,-1.0,STOP,2
2026-04-13 01:30:00,2026-04-13 03:00:00,LONG,24807.75,24865.31570671141,948.7102965889842,1.0000000000000002,TARGET,6
